Model,Sensitivity,ROC-AUC,Clinical Cost,Diagnosis,Composite Score,Model Key
Random Forest,1.0,0.9425601159668928,6001,Good Fit,0.8327430347900678,random_forest
Logistic Regression,0.963773752639182,0.9328989673332772,7394,Good Fit,0.7805291912556559,logistic
Support Vector Machine,0.962440271141238,0.934050153399814,7432,Good Fit,0.7793911544764394,svm
PyTorch Neural Network,0.99944438270919,0.7534567848722624,6025,Good Fit,0.7751897885453547,pytorch_mps
XGBoost,0.9556617401933548,0.938790788267148,7634,Slight Overfitting,0.7530519325574863,xgboost
