Model,Total_Errors,False_Positives,False_Negatives,Error_Rate_Percent,FP_Rate_Percent,FN_Rate_Percent,ROC_AUC
Random Forest,1204,6,1198,8.03,0.04,7.99,0.9415283055555554
XGBoost,1211,34,1177,8.07,0.23,7.85,0.9401878240740742
PyTorch Neural Network,1243,33,1210,8.29,0.22,8.07,0.9436367777777778
SVM,1604,434,1170,10.69,2.89,7.8,0.9353157407407408
Logistic Regression,2079,1124,955,13.86,7.49,6.37,0.934613925925926
