Model,Accuracy,Precision,Recall,F1-Score,ROC-AUC,Training Time (s)
PyTorch Neural Network,0.9171333333333334,0.9957816694362777,0.8655555555555555,0.9261130595018724,0.9436367777777778,18.673743963241577
Random Forest,0.9197333333333333,0.9992315573770492,0.8668888888888889,0.9283674440742503,0.9415283055555554,1.205581
XGBoost,0.9192666666666667,0.9956726485936108,0.8692222222222222,0.928160408139052,0.9401878240740742,0.252343
SVM,0.8930666666666667,0.9474830590513069,0.87,0.9070898980537535,0.9353157407407408,398.225161
Logistic Regression,0.8614,0.877413022139819,0.8938888888888888,0.8855743299025813,0.934613925925926,0.097967
