Model,ROC-AUC,Accuracy,Precision,Recall (Sensitivity),Specificity,F1-Score,PPV,NPV,True Positives,True Negatives,False Positives,False Negatives,Clinical Cost,CV Score,Optimization Time (s),Best Parameters
Random Forest,0.9425601159668928,0.5999333333333333,0.5999333333333333,1.0,0.0,0.7499479144964374,0.5999333333333333,0.0,8999,0,6001,0,6001,2420.8,1011.8928949832916,"{'n_estimators': 300, 'min_samples_split': 5, 'min_samples_leaf': 2, 'max_features': 'log2', 'max_depth': 3}"
PyTorch Neural Network (MPS Accelerated),0.7534567848722624,0.6013333333333334,0.6008417395951633,0.9994443827091899,0.004332611231461423,0.7505006675567423,0.6008417395951633,0.8387096774193549,8994,26,5975,5,6025,0.825,85.40017523765565,"{'hidden_size1': 256, 'hidden_size2': 128, 'dropout_rate': 0.2, 'learning_rate': 0.001, 'batch_size': 32, 'epochs': 150, 'optimizer': 'Adam', 'activation': 'ReLU', 'weight_decay': 0.0001, 'patience': 15}"
Logistic Regression,0.9328989673332773,0.7026666666666667,0.6772077769969548,0.9637737526391821,0.3111148141976337,0.7954691369347886,0.6772077769969548,0.8513451892384861,8673,1867,4134,326,7394,2121.6,8.262611150741577,"{'solver': 'liblinear', 'penalty': 'l2', 'max_iter': 2000, 'C': 0.01}"
Support Vector Machine,0.934050153399814,0.7073333333333334,0.6812711397781798,0.9624402711412379,0.32477920346608896,0.7978076639646279,0.6812711397781798,0.8522081329252296,8661,1949,4052,338,7432,1138.6,1774.0036990642548,"{'probability': True, 'kernel': 'rbf', 'gamma': 'scale', 'C': 1}"
XGBoost,0.9387907882671479,0.7304666666666667,0.7023848415550473,0.9556617401933548,0.3927678720213298,0.809678482323589,0.7023848415550473,0.8552249637155298,8600,2357,3644,399,7634,1971.4,36.306067943573,"{'subsample': 0.9, 'reg_lambda': 0.1, 'reg_alpha': 0.1, 'n_estimators': 300, 'max_depth': 6, 'learning_rate': 0.2, 'colsample_bytree': 0.8}"
